{"mAP": 0.7926587462425232, "precision": {"product": 0.7926587462425232}, "recall": {"product": 0.8205336928367615}}